url,results,error?
http://nataliehuggins.com,"['media', 'yoga', 'yoga-classes-workshops', 'store', 'about-1', 'contact', 'about', 'events', 'events-1', 'cart', 'epk', 'events-media', 'lessons']",False
http://fauxynaturalhaircare.com,"['collections/all', 'products/shampoo', 'products/deep-conditioner', 'products/moisturizing-hair-cream', 'collections/frontpage', 'products/hibiscus-rosewater-refresher', 'search', 'products/double-sided-silk-satin-hair-bonnet', 'products/detangling-brush', 'products/fauxy-bundle', 'cart', 'products/hair-growth-oil', 'collections/beard-products']",False
http://winkeyless.kr,"['product/bold-case-mini', 'forums/topic/possible-discount-codes-i-could-use-for-my-order', 'product/bold-case-mini-ex', 'checkout', 'faq', 'wp-login.php', 'forums/forum/qna', 'product-category/parts/switches', 'product/b-87-ex-x2-pcb', 'forums/topic/bold-cases-stock', 'product/22mini-b-x2-pcb', 'product/bold-case-87-ex', 'product-category/parts', 'cart', 'forums/topic/leds-flash-like-keyboard-is-in-bootloader-mode', 'product/holtite', 'product-category/pcbs', 'forums/topic/keyboard-not-detected-with-mac-os-mojave-10-14-5', 'product-category/cases', 'forums/topic/using-qmk-firmware-on-b-mini-ex', 'product/bold-case-87', 'product/bold-case-22mini', 'product/b-mini-ex-x2-pcb', 'product/b-87-pcb-x2', 'product/b-mini-x2-pcb', 'product/bold-case-face', 'forums/topic/pcb-screw-hole-locations', 'product/b-face-x2-pcb', 'my-account', 'product/mx-switch-stickers-35pcs', 'product/cherry-pcb-mount-stabilizers', 'forums/topic/dead-and-different-color-leds', 'product-category/uncategorized', 'product-category/etcs']",False
http://anna-goodman.com,"['collections/chakra-set', 'cdn/shop/products/ANNAGOODMANBLEUCIELtextile_1800x1800.jpg', 'cdn/shop/products/ANNAGOODMANROUGE16_1800x1800.jpg', 'products/act-chakra-set', 'cdn/shop/products/ANNAGOODMANBLEUMARINE6_1800x1800.jpg', 'cdn/shop/products/ANNAGOODMANVERTtextile_1800x1800.jpg', 'blogs/news/our-3rd-solar-plexus-chakra-what-happens-if-it-is-not-harmonized-1', 'policies/privacy-policy', 'products/trust-headband', 'products/achieve-legging', 'products/trust-cardigan', 'account', 'products/simplicity-top', 'cdn/shop/products/ANNAGOODMANVERT8_1800x1800.jpg', 'cdn/shop/products/ANNAGOODMANROUGEtextile_1800x1800.jpg', 'pages/about', 'cdn/shop/products/ANNAGOODMANBLEUMARINE10_1800x1800.jpg', 'products/achieve-cardigan', 'pages/chakras', 'products/share-headband', 'search', 'products/communicate-legging', 'pages/faq', 'cdn/shop/products/ANNAGOODMANBLEUMARINE8_1800x1800.jpg', 'cart', 'cdn/shop/products/ANNAGOODMANBLEUCIEL6copie_1800x1800.jpg', 'cdn/shop/products/ANNAGOODMANBLEUCIEL5_1800x1800.jpg', 'policies/refund-policy', 'cdn/shop/products/ANNAGOODMANVERT10_1800x1800.jpg', 'products/imagine-legging', 'collections/all', 'products/act-cardigan', 'collections', 'products/create-chakra-set', 'products/communicate-headband', 'products/achieve-headband', 'cdn/shop/products/ANNAGOODMANROUGE13_1800x1800.jpg', 'collections/top', 'cdn/shop/products/ANNAGOODMANROUGE1_1800x1800.jpg', 'pages/the-brand', 'cdn/shop/products/ANNAGOODMANBLEUMARINEtextile_1800x1800.jpg', 'products/act-headband', 'products/communicate-chakra-set', 'cdn/shop/products/ANNAGOODMANROUGE2_1800x1800.jpg', 'cdn/shop/products/ANNAGOODMANBLEUCIEL7_1800x1800.jpg', 'cdn/shop/products/ANNAGOODMANBLEUMARINE1_1800x1800.jpg', 'cdn/shop/products/ANNAGOODMANVERT17_1800x1800.jpg', 'blogs/news', 'products/communicate-cardigan', 'collections/cardigan', 'collections/legging', 'products/create-headband', 'cdn/shop/products/ANNAGOODMANROUGE10copie_1800x1800.jpg', 'cdn/shop/products/ANNAGOODMANBLEUMARINE12_1800x1800.jpg', 'cdn/shop/products/ANNAGOODMANVERT13_1800x1800.jpg', 'blogs/news/how-to-open-and-harmonize-the-solar-plexus-chakra', 'products/share-cardigan', 'products/create-legging', 'pages/contact', 'products/share-chakra-set', 'products/trust-legging', 'cdn/shop/products/ANNAGOODMANBLEUCIELdos_1800x1800.jpg', 'blogs/news/what-do-the-chakras-or-the-energetic-anatomy-mean', 'products/imagine-chakra-set', 'cdn/shop/products/ANNAGOODMANVERT7_1800x1800.jpg', 'products/act-legging', 'policies/terms-of-service', 'products/achieve-chakra-set', 'products/imagine-headband', 'products/trust-chakra-set', 'products/create-cardigan', 'cdn/shop/products/ANNAGOODMANBLEUCIEL1_1800x1800.jpg', 'collections/headband', 'products/share-legging', 'products/imagine-cardigan']",False
http://darrenbooth.com,"['info', 'work', 'newsletter', 'anobjectofbeauty', 'lettering', 'wearemuchthesame', 'cart', 'illustration', 'surfacedesign', 'googleportraits', 'portraits']",False
http://capstoneresumes.com,['[post id=227]'],False
http://leathertreasureshop.com,"['blogs/leather-crafting-tips-and-tutorials', 'pages/privacy-policy', 'collections/handmade-leather-accessories', 'account/register', 'account', 'collections/blue-leather-hides', 'account/login', 'collections/leather-squares', 'collections/leather-hides-on-sale', 'search', 'products/singer-heavy-duty-hand-needles', 'collections/black-leather-hides', 'cart', 'collections/brown-leather-hides', 'pages/returns-and-exchanges', 'collections', 'collections/green-leather-hides', 'collections/textured-leather-hides', 'collections/metallic-leather-hides', 'collections/red-leather-hides', 'pages/how-to-choose-the-right-leather-size-for-your-project']",False
http://awakenintl.com,"['testimonials', 'merch', 'donate', 'merch/p/i-am-loved-34-sleeve-raglan-shirt', 'terms-of-service', 'merch/p/loved-chocolate-white-chocolatecaramel-short-sleeve-unisex-t-shirt-1', 'merch/p/love-never-fails-short-sleeve-unisex-t-shirt', 'statement-of-faith', 'merch/p/love-never-fails-unisex-long-sleeve-tee', 'privacy-policy', 'contact', 'merch/p/renew-short-sleeve-unisex-t-shirt-1', 'cart', 'merch/p/mug-with-color-inside', 'meet-algernon', 'fight-trafficking', 'merch/p/i-am-loved-unisex-long-sleeve-tee-1', 'merch/p/loved-chocolate-white-chocolatecaramel-34-sleeve-raglan-shirt', 'merch/p/renew-34-sleeve-raglan-shirt', 'merch/p/loved-chocolate-white-chocolatecaramel-unisex-long-sleeve-tee', 'merch/p/love-never-fails-34-sleeve-raglan-shirt', 'merch/p/i-am-loved-short-sleeve-unisex-t-shirt', 'home', 'merch/p/renew-unisex-long-sleeve-tee']",False
http://sinnstein.com,"['collections/herren', 'pages/uber-uns', 'pages/agb', 'pages/impressum', 'pages/produktmerkmale', 'pages/faq', 'collections/sets', 'collections/damen', 'pages/versand', 'pages/datenschutz', 'pages/widerruf', 'cart', 'account/login', 'pages/leisungen', 'AGB', 'collections/kinder']",False
http://pricewhack.com,"['collections/smart-home', 'collections/gaming-keyboard', 'collections/tv-accessories', 'collections/vr', 'collections/keyboards', 'collections/smoke-carbon-monoxide', 'apps/tracktor/track', 'collections/video-game-accessories', 'collections/activity-trackers', 'collections/smart-thermostats', 'collections/drones', 'collections/headsets', 'collections/cameras', 'collections/best-sellers', 'collections/smart-gps-tags', 'collections/ipads', 'collections/camera-accessories', 'collections/smartphone-accessories', 'collections/games', 'collections/best-sellers/products/bose-quietcomfort-35-ii-wireless-headphones-w-alexa', 'collections/gaming-accessories', 'collections/home-theater-systems', 'collections/storage', 'pages/customer-service', 'collections/bluetooth-headsets', 'collections/earbuds', 'collections/ipods-mp3', 'pages/about-us', 'collections/controllers', 'collections/wacky-deals', 'collections/personal-care', 'collections/mice', 'collections/floor-care', 'pages/reviews', 'collections/office', 'collections/home-automation-systems-1', 'collections/computer-accessories', 'collections/video-games', 'account/login', 'blogs/buying-guides', 'collections/webcams', 'collections/essentials', 'collections/covid-19-essentials', 'collections/video-sub', 'collections/best-sellers/products/beats-solo3-wireless-headphones-club-collection', 'collections/smart-home-security', 'collections/car-electronics', 'collections/ereaders', 'pages/shipping-policy', 'collections/action-cameras', 'collections/smart-assistants', 'collections/calculators', 'collections/computers-networking', 'collections/kitchen', 'collections/best-sellers/products/ring-video-doorbell-2', 'collections/2-in-1', 'collections/tablet-accessories', 'collections/headphones-earphones', 'checkout', 'collections/tv-entertainment', 'blogs/new-release', 'collections/monitors', 'collections/refurbished-smartphones', 'collections/home-kitchen', 'collections/desktops', 'collections/photo', 'pages/return-policy', 'collections/video-accessories', 'collections/routers', 'collections/wearable-tech', 'collections/televisions', 'cart', 'collections/smartphones', 'collections/consoles', 'collections/tablets', 'collections/home-security', 'collections/home-etc', 'collections/printers-ink', 'collections/laptop', 'collections/speakers', 'collections/smart-plugs', 'collections/wi-fi-networking', 'collections/smart-lighting', 'collections/car-mounts', 'collections/cables-adapters', 'collections/smart-doorbells', 'collections/video', 'collections/modems', 'collections/heating-cooling', 'pages/contact-us', 'collections/security-systems', 'collections/audio', 'collections/smart-home-accessories', 'pages/privacy-policy', 'collections/gaming-headsets', 'collections/media-streamers', 'collections/wireless-phone-chargers', 'collections/basic-phones', 'collections/tablets-1', 'collections/telephones', 'collections/cellular-phones', 'collections/scooters', 'collections/best-sellers/products/vinoyin-walmart-parent-5-skus', 'collections/smart-watches', 'collections/audio-photo-video', 'collections/security-cameras', 'collections/computers-1', 'pages/affiliate-program', 'collections/gaming-mice', 'products/gift-card', 'collections/gps', 'collections/smart-locks']",False
http://gummikoenig.de,"['collections/realbaits', 'collections/aluformen-abverkauf', 'products/50x-maruto-jighaken-o-shaugnessy-lose', 'collections/frontpage/products/saboflex-quickfix-gummifischkleber', 'collections/jigkopfe-1', 'products/bucktail-weisswedelhirschfell-mannlich', 'collections/glitter', 'collections/frontpage/products/3x-maruto-oshaugnessy-magic-series', 'collections/diy-hechtmaus-mouse', 'account/login', 'collections/sonderfarben', 'collections/frontpage/products/quick-dip-uv-aktiv', 'collections/frontpage/products/5x-maruto-oshaugnessy-spezial-jigs', 'collections/angelschnure', 'collections/gummifische-hecht', 'collections/plastisolfarben', 'collections/farbpigmente', 'collections/merchandise', 'collections/frontpage', 'products/baitgum-soft', 'collections/jigkopfe', 'pages/datenschutzbestimmung', 'collections/sale', 'collections/airbrush-schablonen', 'pages/allgemeine-geschaftsbedingungen-agb', 'pages/widerrufsbelehrung-widerrufsformular', 'cart', 'collections/gummifische', 'collections/frontpage/products/game-changer-junior-16cm', 'collections/plastisolspritzen-zubehor', 'collections/gummifisch-system', 'products/quick-dip-uv-aktiv', 'pages/gummifische-custom-made', 'products/plastisolfarbe-uv-aktiv', 'collections/wirbel-karabiner', 'collections/blei-gewichte', 'products/5x-maruto-oshaugnessy-spezial-jigs', 'products/mauskorper-body-silent', 'collections/plastisole', 'collections/swimbaits', 'products/doetail-weisswedelhirschfell-weiblich', 'collections/frontpage/products/zanderzigeuner', 'products/aromen-geruchstoffe', 'products/zz-shad-zielfisch-zander', 'collections/mauskorper-bodies', 'collections/naturhaare', 'products/zanderzigeuner', 'collections/gummifische-1', 'products/baitgum-super-soft', 'products/zanderzigeuner-firetail-10cm', 'products/mauskorper-body-rassel', 'collections/tools', 'collections/frontpage/products/zz-shad-zielfisch-zander', 'pages/test', 'collections/raubfischhaken', 'collections/gummifische-giessen']",False
http://goslg.com,[],False
http://afragin.com,"['policies/legal-notice', 'policies/contact-information', 'policies/shipping-policy', 'pages/contact', 'collections/all', 'search', 'policies/privacy-policy', 'account', 'products/der-afrikanische', 'products/der-blumige', 'cart', 'policies/refund-policy', 'account/login', 'products/der-gruene', 'collections/bestsellers']",False
http://www.rrproducts.com,"['milwaukee-shockwave-impact-duty-driver-bit-set-32pc-rmw48-32-4004.html', 'gm/gm-hand-tools/gm-hand-tools-loppers.html', 'ir/ir-fittings/ir-fittings-sr-ductile-iron-fittings.html', 'ss/ss-personal-protection/ss-personal-protection-safety-glasses.html', 'milwaukee-m18-brushless-telescoping-pole-pruning-shears-kit-rmw3008-21.html', 'pe/pe-parts/pe-parts-ego.html', 'milwaukee-m18-fuel-quik-lok-blower-attachment-rmw49-16-2793.html', 'ga/ga-club-house/ga-club-house-flags.html', 'lift-arm-assy-rh-r121-5999-01.html', 'el/el-cords-cables/el-cords-cables-cords.html', 'ga/ga-tee-area/ga-tee-area-spike-cleaners.html', 'ir/ir-tools/ir-tools-flags.html', 'milwaukee-bolt-white-vented-safety-helmet-usa-type-2-class-c-rmw48-73-1300.html', 'tm/tm-hand-tools/tm-hand-tools-hammers.html', 'gm/gm-sprayers/gm-sprayers-backpack.html', 'ga/ga-tee-area/ga-tee-area-tee-towels.html', 'ir/ir-sprinklers-nozzles/ir-sprinklers-nozzles-impact-sprinklers.html', 'ss/ss-flammable-safety/ss-flammable-safety-waste-containers.html', 'gm/gm-spreaders/gm-spreaders-hand.html', 'tm/tm-power-tools/tm-power-tools-grease-gun.html', 'ga/ga-club-house/ga-club-house-special.html', 'tm/tm-power-tools/tm-power-tools-milwaukee-air-inflators.html', 'ir/ir-fittings/ir-fittings-sch-40.html', 'tm/tm-hand-tools/tm-hand-tools-sockets.html', 'ss/ss-personal-protection/ss-personal-protection-back-knee-foot.html', 'el/el-wire/el-wire-tools.html', 'tm/tm-power-tools.html', 'gm/gm-hand-tools/gm-hand-tools-utiliity-tools.html', 'ir/ir-drainage.html', 'pe/pe-engines/pe-engines-kubota.html', 'el/el-landscape-lighting/el-landscape-lighting-led-bulbs.html', 'ir/ir-fittings/ir-fittings-joint-restraints.html', 'ga/ga-tee-area/ga-tee-area-ball-club-washers.html', 'milwaukee-m18-fuel-dual-battery-backpack-blower-rmw3009-20.html', 'ir/ir-water-hose.html', 'return-form/guest/login', 'ep/ep-rapid-reference/ep-rapid-reference-reels.html', 'ep/ep-rapid-reference/ep-rapid-reference-bedknives.html', 'ss/ss-flammable-safety/ss-flammable-safety-drum-accessories.html', 'seal-kit-fits-r127-3694-hyd-motor-r114-5620.html', 'tm/tm-power-tool-acc/tm-power-tool-acc-rotary-tool-acc.html', 'ir/ir-water-hose/ir-water-hose-hose-reels.html', 'tm/tm-hand-tools/tm-hand-tools-bearing-puller.html', 'tm/tm-shop-tools/tm-shop-tools-measuring-tools.html', 'af/af-infield-rakes/af-infield-rakes-sand-max.html', 'gm/gm-turf-equipment/gm-turf-equipment-mowing.html', 'brake-bellcrank-assy-r131-4056-03.html', 'pe/pe-chain-saws/pe-chain-saws-battery-pole-saws.html', 'ga/ga-practice/ga-practice-accessories.html', 'ss/ss-personal-protection/ss-personal-protection-respirators.html', 'ga/ga-course-markings.html', 'ga/ga-green-area/ga-green-area-cups-cutters.html', 'ss/ss-security.html', 'gm/gm-hand-tools.html', 'pivit-shaft-rh-r116-3105-01.html', 'milwaukee-4-pc-hook-and-pick-set-rmw48-22-9215.html', 'pe/pe-parts/pe-parts-kawasaki.html', 'ir/ir-pumps/ir-pumps-centrifugal-pumps.html', 'ir/ir-water-systems/ir-water-systems-wetting-agents.html', 'gm/gm-animal-control/gm-animal-control-bug.html', 'gm/gm-trailers/gm-trailers-gm-trailers.html', 'tm/tm-service-tools.html', 'ep/ep-universal-parts/ep-universal-parts-canopies.html', 'ga/ga-practice/ga-practice-pg-flagsticks.html', 'rod-weldment-pusharm-rzs451240.html', 'pe/pe-engines/pe-engines-kohler.html', 'ga/ga-course-markings/ga-course-markings-ob-markers.html', 'ga/ga-green-area/ga-green-area-bunker-rakes.html', 'pe/pe-edgers/pe-edgers-battery-handheld.html', 'tm/tm-service-tools/tm-service-tools-tire-repair.html', 'tm/tm-material-handling/tm-material-handling-organizer-racks.html', 'gm/gm-spreaders/gm-spreaders-walk.html', 'tm/tm-hand-tools/tm-hand-tools-wrenches.html', 'ir/ir-water-systems/ir-water-systems-applicators.html', 'milwaukee-m18-fuel-16in-chainsaw-tool-only-rmw2727-20.html', 'ga/ga-tee-area/ga-tee-area-trash-receptacles.html', 'el/el-landscape-lighting/el-landscape-lighting-fixtures.html', 'ir/ir-water-hose/ir-water-hose-fittings.html', 'rapidorder', 'milwaukee-m18-fuel-17in-dual-battery-string-trimmer-kit-rmw3006-22.html', 'ir/ir-pumps/ir-pumps-attachment-pump.html', 'el/el-wire/el-wire-control-valve-wire.html', 'ir/ir-tools/ir-tools-cement-primers.html', 'tm/tm-grinding-sharpening/tm-grinding-sharpening-grinders.html', 'ga/ga-practice/ga-practice-pg-flags.html', 'tm/tm-power-tool-acc/tm-power-tool-acc-drill-bits.html', 'af/af-hand-tools/af-hand-tools-utility-tools.html', 'ir/ir-sprinklers-nozzles/ir-sprinklers-nozzles-self-propelled-sprinklers.html', 'el/el-batter-maintenance/el-batter-maintenance-watering-systems.html', 'el/el-connectors/el-connectors-grounding.html', 'checkout/cart', 'milwaukee-m18-fuel-hackzall-kit-rmw2719-21.html', 'af.html', 'tm/tm-hand-tools/tm-hand-tools-r-r-bed-knife-screw-driver-tool.html', 'gm.html', 'clearance/clearance-gm.html', 'ga/ga-practice/ga-practice-pg-flagstick-marker.html', 'gm/gm-paint.html', 'gm/gm-sprayers/gm-sprayers-shurflo.html', 'ga/ga-green-area/ga-green-area-custom-flags.html', 'ir/ir-valves/ir-valves-poly-valves.html', 'el/el-wire/el-wire-ties.html', 'gm/gm-horticulture-supply/gm-horticulture-supply-fertilizers.html', 'tm/tm-material-handling/tm-material-handling-straps-tie-downs.html', 'ep/ep-rapid-reference/ep-rapid-reference-bearings.html', 'milwaukee-blower-angled-flare-attachment-rmw49-16-2791.html', 'ir/ir-tools.html', 'ir/ir-water-hose/ir-water-hose-hose-nozzles.html', 'baffle-r105-7754-01.html', 'corona-multi-purpose-mini-shovel-rcss25010.html', 'gm/gm-sprayers/gm-sprayers-foam-markers.html', 'el.html', 'tm/tm-service-tools/tm-service-tools-lubricants.html', 'gm/gm-turf-equipment/gm-turf-equipment-multi-green.html', 'ss/ss-security/ss-security-key-storage.html', 'gm/gm-animal-control/gm-animal-control-pet-waste.html', 'ir/ir-fittings/ir-fittings-flanges.html', 'af/af-field-marking/af-field-marking-chalk-markers.html', 'gm/gm-animal-control/gm-animal-control-snake-control.html', 'pe/pe-multi.html', 'el/el-wire/el-wire-labeling.html', 'pe/pe-parts/pe-parts-milwaukee.html', 'ir/ir-fittings/ir-fittings-ever-tuff.html', 'pe/pe-parts/pe-parts-air-force.html', 'ga/ga-green-area/ga-green-area-special.html', 'ir/ir-drip-irrigation/ir-drip-irrigation-ditribution-tubing.html', 'ga/ga-course-markings/ga-course-markings-rope-chain.html', 'ir/ir-pumps/ir-pumps-hand-pumps.html', 'ga/ga-course-markings/ga-course-markings-tee-signs.html', 'ir/ir-valves/ir-valves-quick-coupling.html', 'el/el-lighting/el-lighting-flashlights.html', 'ga/ga-tee-area/ga-tee-area-water-coolers.html', 'gm/gm-turf-equipment.html', 'el/el-wire/el-wire-decoder-wire.html', 'ga/ga-green-area/ga-green-area-green-tools.html', 'ga/ga-tee-area/ga-tee-area-cooler-enclosures.html', 'gm/gm-rollers-drags/gm-rollers-drags-steel-mats.html', 'ir/ir-water-systems/ir-water-systems-slow-watering.html', 'pe/pe-string-trimmers/pe-string-trimmers-battery-string-trimmer.html', 'scraper-fits-r99-6241-roller-r104-0509-01.html', 'el/el-lighting/el-lighting-worklights.html', 'ir/ir-filters.html', 'ir/ir-fittings/ir-fittings-pvc-push-fittings.html', 'ss/ss-flammable-safety.html', 'milwaukee-7-pc-magnetic-hollowcore-sae-nut-driver-set-rmw48-22-2507.html', 'ep/ep-rapid-reference/ep-rapid-reference-belts.html', 'gm/gm-turf-equipment/gm-turf-equipment-dethatcher.html', 'aboutus', 'tm/tm-hand-tools/tm-hand-tools-screwdrivers.html', 'tm/tm-hand-tools/tm-hand-tools-pliers.html', 'belt-v-banded-wheel-drive-r110-5004.html', 'tm/tm-hand-tools/tm-hand-tools-cutting-tools.html', 'ga/ga-club-house.html', 'ep/ep-universal-parts/ep-universal-parts-tires/ep-universal-parts-tires-tires-turf.html', 'ep/ep-universal-parts/ep-universal-parts-tines/ep-universal-parts-tines-tines-warrior.html', 'ss/ss-personal-protection/ss-personal-protection-skin-protection.html', 'milwaukee-m12-fuel-hackzall-recip-saw-kit-rmw2520-21xc.html', 'tm/tm-shop-tools/tm-shop-tools-hose-reels.html', 'ep/ep-rapid-reference/ep-rapid-reference-hydraulics.html', 'tm/tm-hand-tools.html', 'pe/pe-parts/pe-parts-greenman.html', 'ir/ir-tools/ir-tools-performance-testing.html', 'tm/tm-hand-tools/tm-hand-tools-measuring-tapes.html', 'pe/pe-parts.html', 'pe/pe-engines/pe-engines-kawasaki.html', 'pe/pe-multi/pe-multi-battery.html', 'control-lever-weldment-lh-rzs452717.html', 'tm/tm-hand-tools/tm-hand-tools-installation-mandrels.html', 'el/el-connectors/el-connectors-tape.html', 'gm/gm-sprayers/gm-sprayers-hypro.html', 'el/el-wire.html', 'ga/ga-practice/ga-practice-range-marking.html', 'tm/tm-power-tools/tm-power-tools-drills.html', 'el/el-cords-cables.html', 'ir/ir-fittings/ir-fittings-spears-turf-swivel.html', 'customer/account/login', 'gm/gm-paint/gm-paint-turf-colorant.html', 'ir/ir-drainage/ir-drainage-catch-basins.html', 'tm/tm-service-tools/tm-service-tools-threadlockers.html', 'ir/ir-valves/ir-valves-vacuum-check.html', 'gm/gm-rollers-drags.html', 'ga/ga-course-markings/ga-course-markings-cart-path-markers.html', 'belt-bb-r126-7628.html', 'ss/ss-first-aid/ss-first-aid-eye-wash.html', 'ir/ir-fittings/ir-fittings-sch-80-nipples.html', 'pe/pe-edgers/pe-edgers-walk-behind.html', 'ir/ir-drip-irrigation/ir-drip-irrigation-filter-valves.html', 'ep/ep-rapid-reference/ep-rapid-reference-sod-blade.html', 'belt-deck-rzbb041-1650-00.html', 'tm/tm-power-tool-acc.html', 'milwaukee-m18-fuel-telescoping-pole-saw-kit-rmw3013-21.html', 'pe/pe-generators.html', 'ep/ep-engines.html', 'ga/ga-course-markings/ga-course-markings-fairway-yardage/ga-course-markings-fairway-yardage-pyramid-markers.html', 'milwaukee-m18-fuel-hackzall-tool-only-rmw2719-20.html', 'ga/ga-course-markings/ga-course-markings-fairway-yardage.html', 'gm/gm-sprayers/gm-sprayers-spray-guns.html', 'el/el-landscape-lighting/el-landscape-lighting-wire.html', 'lift-deck-wide-r132-6878-03.html', 'milwaukee-4pc-hose-pick-set-rmw48-22-9217.html', 'ep/ep-rapid-reference/ep-rapid-reference-rollers.html', 'gm/gm-horticulture-supply.html', 'pe/pe-brush-cutters/pe-brush-cutters-handheld-brushcutters.html', 'pe/pe-cutoff-saws/pe-cutoff-saws-gas-saws.html', 'pe/pe-blowers/pe-blowers-handheld-blowers.html', 'ep/ep-engines/ep-engines-honeng.html', 'ir/ir-fittings/ir-fittings-expansion-joints.html', 'pe/pe-chain-saws/pe-chain-saws-battery-chain-saws.html', 'ep/ep-engines/ep-engines-kwe.html', 'ss/ss-flammable-safety/ss-flammable-safety-storage-cabinets.html', 'ga/ga-practice/ga-practice-pg-cups.html', 'gm/gm-rollers.html', 'af/af-hand-tools/af-hand-tools-rakes-brooms.html', 'ga/ga-course-markings/ga-course-markings-information-signs.html', 'ga/ga-green-area/ga-green-area-tools.html', 'ss/ss-personal-protection.html', 'gm/gm-hand-tools/gm-hand-tools-rakes-brooms.html', 'ir/ir-pumps.html', 'pe.html', 'pe/pe-engines.html', 'milwaukee-m18-cordless-2-speed-grease-gun-kit-rmw2646-21ct.html', 'ss/ss-spill-containment/ss-spill-containment-folded-sorbents.html', 'ir/ir-drainage/ir-drainage-fittings-pvc.html', 'ir/ir-sprinklers-nozzles/ir-sprinklers-nozzles-golf-rotors.html', 'el/el-wire/el-wire-direct-burial-wire.html', 'ir/ir-fittings/ir-fittings-sch-40-unions.html', 'ir/ir-drip-irrigation/ir-drip-irrigation-drip-accessories.html', 'ir/ir-water-systems/ir-water-systems-water-treatment.html', 'milwaukee-m12-compact-inflator-rmw2475-20.html', 'tm/tm-service-tools/tm-service-tools-chain-saw.html', 'ss/ss-traffic-safety/ss-traffic-safety-barriers.html', 'cross-kit-r138-9049.html', 'pe/pe-string-trimmers/pe-string-trimmers-string-trimmer.html', 'baffle-r105-7755-01.html', 'milwaukee-m18-fuel-sawzall-recip-saw-1-battery-xc5-0-kit-rmw2821-21.html', 'ss/ss-personal-protection/ss-personal-protection-hand-gloves.html', 'ir/ir-tools/ir-tools-cans-daubers.html', 'termsuse', 'af/af-infield-rakes/af-infield-rakes-rake-attachments.html', 'pe/pe-hovering-trimmers.html', 'ir/ir-water-hose/ir-water-hose-hoses.html', 'el/el-landscape-lighting/el-landscape-lighting-transformers.html', 'pe/pe-pole-saws/pe-pole-saws-battery-pole-saws.html', 'ir/ir-water-systems/ir-water-systems-deep-root.html', 'ir/ir-controllers-sensors/ir-controllers-sensors-sensors.html', 'pe/pe-hedge-trimmers/pe-hedge-trimmers-hedge-trimmers.html', 'shaft-pivot-lh-r116-3104-01.html', 'ir/ir-valves-boxes/ir-valves-boxes-valve-boxes.html', 'gm/gm-hand-tools/gm-hand-tools-squeege.html', 'tm/tm-power-tools/tm-power-tools-reciprocating-saws.html', 'ep/ep-universal-parts/ep-universal-parts-fuel-caps.html', 'ir/ir-filters/ir-filters-afi.html', 'milwaukee-m18-cordless-2-speed-grease-gun-tool-only-rmw2646-20.html', 'pe/pe-shears-loppers.html', 'ss/ss-first-aid.html', 'pe/pe-pumps/pe-pumps-transfer.html', 'gm/gm-horticulture-supply/gm-horticulture-supply-tree-stakes.html', 'ep/ep-rapid-reference.html', 'lift-arm-rh-r121-5994-01.html', 'ss/ss-personal-protection/ss-personal-protection-footwear.html', 'ss/ss-first-aid/ss-first-aid-first-aid-kits.html', 'ga/ga-club-house/ga-club-house-water-fountains.html', 'lift-arm-lh-r121-5993-01.html', 'ep/ep-universal-parts/ep-universal-parts-sod-blade.html', 'control-speed-r119-8832.html', 'milwaukee-m18-fuel-telescoping-pole-saw-tool-only-rmw3013-20.html', 'gm/gm-animal-control/gm-animal-control-rodent-control.html', 'gm/gm-horticulture-supply/gm-horticulture-supply-planters.html', 'bearing-assembly-rzs481022.html', 'ep/ep-engines/ep-engines-rope.html', 'ir/ir-valves/ir-valves-pvc-butterfly.html', 'af/af-field-marking/af-field-marking-paints.html', 'pe/pe-walk-mower.html', 'tm.html', 'gm/gm-hand-tools/gm-hand-tools-sprinker-trimmer.html', 'clearance/clearance-misc.html', 'ir/ir-controllers-sensors/ir-controllers-sensors-replacement-boards.html', 'gm/gm-sprayers/gm-sprayers-hose-reel-carts.html', 'ss/ss-personal-protection/ss-personal-protection-raingear.html', 'gm/gm-rollers-drags/gm-rollers-drags-cocoa-mats.html', 'pe/pe-generators/pe-generators-battery-inverters.html', 'ir.html', 'ir/ir-sprinklers-nozzles/ir-sprinklers-nozzles-fci-nozzles.html', 'ep.html', 'clearance/clearance-tm.html', 'milwaukee-m18-18v-cordless-tire-inflator-rmw2848-20.html', 'tm/tm-hand-tools/tm-hand-tools-r-r-tapered-and-ball-bearing-race-pullers.html', 'gm/gm-trailers.html', 'milwaukee-jobsite-cooler-rmw48-22-8250.html', 'ep/ep-rapid-reference/ep-rapid-reference-rotary-blades.html', 'gm/gm-rollers-drags/gm-rollers-drags-standard.html', 'tm/tm-grinding-sharpening/tm-grinding-sharpening-lapping-compounds/tm-grinding-sharpening-lapping-compounds-r-r-pre-mixed-sharpening-compound.html', 'ga/ga-practice.html', 'af/af-field-marking/af-field-marking-field-measuring-tools.html', 'gm/gm-spreaders.html', 'tm/tm-paint.html', 'tm/tm-power-tool-acc/tm-power-tool-acc-milwaukee-battery.html', 'ir/ir-valves-boxes/ir-valves-boxes-valve-enclosures.html', 'af/af-field-marking/af-field-marking-turf-colorants.html', 'ir/ir-fittings/ir-fittings-gray-pvc-saddle.html', 'ep/ep-maintenance-tool/ep-maintenance-tool-lapping-compounds.html', 'ep/ep-maintenance-tool.html', 'tm/tm-paint/tm-paint-marking.html', 'gm/gm-rollers-drags/gm-rollers-drags-rubber-mat.html', 'tm/tm-material-handling/tm-material-handling-trailer-equipment.html', 'milwaukee-m12-cordless-lithium-ion-grease-gun-kit-rmw2446-21xc.html', 'ir/ir-tools/ir-tools-repair-tapes.html', 'tm/tm-grinding-sharpening/tm-grinding-sharpening-files-abrasives.html', 'shipping-terms', 'af/af-shoe-cleaners/af-shoe-cleaners-cleat-cleaners.html', 'pe/pe-blowers/pe-blowers-backpack-blowers.html', 'ir/ir-valves/ir-valves-pvc-ball-valves.html', 'ir/ir-sprinklers-nozzles/ir-sprinklers-nozzles-spray-heads.html', 'gm/gm-sprayers/gm-sprayers-teejet.html', 'milwaukee-m12-fuel-hatchet-6in-pruning-saw-tool-only-rmw2527-20.html', 'gm/gm-hand-tools/gm-hand-tools-aerifiers.html', 'gm/gm-rollers-drags/gm-rollers-drags-fast-connect.html', 'ep/ep-universal-parts/ep-universal-parts-tines.html', 'lh-lift-arm-assy-r121-5998-01.html', 'milwaukee-m18-fuel-string-trimmer-w-quik-lok-rmw2825-21st.html', 'pe/pe-blowers/pe-blowers-battery-backpack-blowers.html', 'pe/pe-string-trimmers.html', 'milwaukee-m18-fuel-quik-lok-attachment-hanger-rmw49-16-2784.html', 'gm/gm-animal-control.html', 'ep/ep-rapid-reference/ep-rapid-reference-kits.html', 'milwaukee-m18-cordless-2-speed-grease-gun-kit-rmw2646-22ct.html', 'ir/ir-drainage/ir-drainage-drain-grates.html', 'ir/ir-sprinklers-nozzles/ir-sprinklers-nozzles-sprinkler-rotors.html', 'ga/ga-green-area/ga-green-area-flagsticks2.html', 'af/af-shoe-cleaners.html', 'gm/gm-turf-equipment/gm-turf-equipment-rakes.html', 'pe/pe-hedge-trimmers.html', 'pe/pe-hovering-trimmers/pe-hovering-trimmers-hovering-trimmer.html', 'ir/ir-drainage/ir-drainage-channel-drains.html', 'ir/ir-fittings/ir-fittings-repair-fittings.html', 'gm/gm-paint/gm-paint-striping.html', 'tm/tm-material-handling/tm-material-handling-tarps.html', 'sitemap', 'pe/pe-walk-mower/pe-walk-mower-battery-mowers.html', 'milwaukee-m18-fuel-14in-chainsaw-rmw2727-20c.html', 'pe/pe-chain-saws.html', 'ga/ga-practice/ga-practice-custom-flags.html', 'ga/ga-tee-area/ga-tee-area-broken-tee.html', 'pe/pe-engines/pe-engines-briggs.html', 'ep/ep-universal-parts/ep-universal-parts-tires.html', 'pe/pe-engines/pe-engines-honda.html', 'gm/gm-horticulture-supply/gm-horticulture-supply-plant-covers.html', 'pe/pe-cutoff-saws.html', 'ga/ga-tee-area/ga-tee-area-tee-markers.html', 'ga/ga-tee-area/ga-tee-area-divot-fill.html', 'ir/ir-fittings/ir-fittings-sch-80.html', 'milwaukee-demolition-gloves-rmw48-22-8733.html', 'baffle-assy-r127-4858-01.html', 'ir/ir-controllers-sensors/ir-controllers-sensors-battery-controllers.html', 'tm/tm-grinding-sharpening.html', 'ga/ga-club-house/ga-club-house-paths.html', 'privacypolicy', 'ir/ir-fittings/ir-fittings-rb-swingjoints.html', 'el/el-batter-maintenance.html', 'pe/pe-pumps.html', 'ir/ir-tools/ir-tools-pvc-cutters.html', 'ir/ir-fittings.html', 'tm/tm-grinding-sharpening/tm-grinding-sharpening-lapping-compounds.html', 'ss/ss-spill-containment.html', 'ga/ga-practice/ga-practice-ball-handling.html', 'pe/pe-chain-saws/pe-chain-saws-battery-pruning-saws.html', 'tm/tm-shop-tools/tm-shop-tools-creepers-stools.html', 'ss/ss-traffic-safety/ss-traffic-safety-cones.html', 'ss/ss-security/ss-security-lockout-stations.html', 'ir/ir-drainage/ir-drainage-fittings-hip.html', 'pe/pe-string-trimmers/pe-string-trimmers-heads-line.html', 'pe/pe-pole-saws.html', 'gm/gm-rollers/gm-rollers-hand-rollers.html', 'ga/ga-green-area/ga-green-area-golf-flags.html', 'ir/ir-sprinklers-nozzles/ir-sprinklers-nozzles-greenhouse-nozzles.html', 'tm/tm-material-handling/tm-material-handling-hoists.html', 'tm/tm-grinding-sharpening/tm-grinding-sharpening-grinding-wheels.html', 'milwaukee-m18-fuel-17in-dual-battery-string-trimmer-rmw3006-20.html', 'shippingterms', 'tm/tm-material-handling.html', 'termssale', 'ir/ir-controllers-sensors/ir-controllers-sensors-wall-mount-controllers.html', 'pe/pe-parts/pe-parts-atom.html', 'milwaukee-7-pc-magnetic-hollowcore-metric-nut-driver-set-rmw48-22-2517.html', 'milwaukee-m18-brushless-telescoping-pole-pruning-shears-rmw3008-20.html', 'af/af-hand-tools.html', 'gm/gm-rollers/gm-rollers-riding-roller.html', 'catalogsearch/advanced', 'gm/gm-hand-tools/gm-hand-tools-organizers.html', 'af/af-infield-rakes/af-infield-rakes-field-drags.html', 'ga/ga-tee-area/ga-tee-area-ball-washer-parts.html', 'af/af-turf/af-turf-adhesives.html', 'ga/ga-tee-area/ga-tee-area-benches.html', 'ss/ss-traffic-safety.html', 'milwaukee-m18-fuel-quik-lok-reciprocator-attachment-rmw49-16-2794.html', 'pe/pe-engines/pe-engines-engine-parts.html', 'contactus', 'ir/ir-drip-irrigation/ir-drip-irrigation-emitters.html', 'af/af-field-marking/af-field-marking-paint-marking.html', 'ep/ep-universal-parts.html', 'ep/ep-rapid-reference/ep-rapid-reference-filters.html', 'af/af-turf.html', 'gm/gm-hand-tools/gm-hand-tools-saws.html', 'ga/ga-tee-area.html', 'ep/ep-maintenance-tool/ep-maintenance-tool-tools.html', 'ir/ir-valves/ir-valves-electric-valves.html', 'ir/ir-valves/ir-valves-pvc-globe-valves.html', 'ir/ir-controllers-sensors.html', 'ss/ss-personal-protection/ss-personal-protection-coveralls-aprons.html', 'tm/tm-power-tool-acc/tm-power-tool-acc-saw-blades.html', 'tm/tm-service-tools/tm-service-tools-mower-setup.html', 'ss/ss-security/ss-security-flashlights.html', 'el/el-batter-maintenance/el-batter-maintenance-chargers.html', 'tm/tm-material-handling/tm-material-handling-mower-storage.html', 'af/af-field-marking.html', 'ir/ir-fittings/ir-fittings-spears-swingjoints.html', 'ir/ir-drip-irrigation/ir-drip-irrigation-compression-fittings.html', 'pe/pe-brush-cutters.html', 'ga/ga-club-house/ga-club-house-starter.html', 'tm/tm-shop-tools/tm-shop-tools-jacks.html', 'clearance/clearance-ga.html', 'pe/pe-shears-loppers/pe-shears-loppers-battery-shears.html', 'ga/ga-green-area/ga-green-area-flagsticks.html', 'ep/ep-engines/ep-engines-brg.html', 'clearance.html', 'gm/gm-spreaders/gm-spreaders-tow.html', 'returns', 'ir/ir-sprinklers-nozzles/ir-sprinklers-nozzles-rotors.html', 'ir/ir-valves/ir-valves-pvc-diaphragm-valves.html', 'pe/pe-edgers.html', 'ir/ir-fittings/ir-fittings-manifold-systems.html', 'gm/gm-paint/gm-paint-marking-paint.html', 'milwaukee-m18-fuel-brush-cutter-rmw3015-20.html', 'ss/ss-personal-protection/ss-personal-protection-bee-protection.html', 'gm/gm-hand-tools/gm-hand-tools-shovels.html', 'ir/ir-sprinklers-nozzles.html', 'pe/pe-blowers/pe-blowers-battery-handheld-blowers.html', 'gm/gm-sprayers/gm-sprayers-utility-sprayers.html', 'el/el-wire/el-wire-power-wire.html', 'tm/tm-material-handling/tm-material-handling-shop-organization.html', 'gm/gm-sprayers/gm-sprayers-flojet.html', 'el/el-lighting.html', 'ir/ir-valves-boxes.html', 'clamp-turf-guard-r110-4274-03.html', 'ir/ir-valves/ir-valves-manual-valves.html', 'ir/ir-valves/ir-valves-pvc-check-valves.html', 'ga/ga-course-markings/ga-course-markings-sprinkler-cap.html', 'ss.html', 'pe/pe-parts/pe-parts-husqvarna.html', 'pe/pe-parts/pe-parts-echo.html', 'belt-pump-rzbb041-8000-00.html', 'castor-fork-r137-2546-01.html', 'af/af-field-marking/af-field-marking-turf-paints.html', 'ga/ga-course-markings/ga-course-markings-direction-arrows.html', 'ep/ep-engines/ep-engines-koh.html', 'pe/pe-pole-saws/pe-pole-saws-pole-saws.html', 'ga.html', 'tm/tm-shop-tools/tm-shop-tools-air-tools.html', 'ep/ep-engines/ep-engines-spark-plugs.html', 'el/el-landscape-lighting.html', 'spindle-assy-r121-3666.html', 'gm/gm-animal-control/gm-animal-control-bird-control.html', 'pe/pe-blowers.html', 'gm/gm-sprayers.html', 'ss/ss-personal-protection/ss-personal-protection-hearing-protection.html', 'tm/tm-paint/tm-paint-touchup-spray.html', 'gm/gm-horticulture-supply/gm-horticulture-supply-testing-tools.html', 'pe/pe-edgers/pe-edgers-handheld.html', 'ep/ep-universal-parts/ep-universal-parts-seat-covers.html', 'milwaukee-9in-5-tpi-pruning-sawzall-blade-5-pk-rmw48-00-1301.html', 'milwaukee-m12-cordless-lithium-ion-grease-gun-tool-only-rmw2446-20.html', 'milwaukee-m18-fuel-dual-battery-backpack-blower-kit-rmw3009-24hd.html', 'el/el-connectors.html', 'ss/ss-flammable-safety/ss-flammable-safety-safety-cans.html', 'gm/gm-hand-tools/gm-hand-tools-pruners.html', 'lift-deck-narrow-r132-6872-03.html', 'gm/gm-rollers-drags/gm-rollers-drags-nail-mats.html', 'pe/pe-engines/pe-engines-spark-plugs.html', 'ep/ep-rapid-reference/ep-rapid-reference-tines.html', 'ir/ir-fittings/ir-fittings-poly-fittings.html', 'pe/pe-hedge-trimmers/pe-hedge-trimmers-battery-hedge-trimmers.html', 'corona-square-blade-shovel-48in-fiberglass-handle-rcss27020.html', 'ep/ep-universal-parts/ep-universal-parts-lighting.html', 'ir/ir-valves/ir-valves-pvc-gate.html', 'milwaukee-safety-glasses-tinted-fog-free-lenses-rmw48-73-2017.html', 'ep/ep-engines/ep-engines-kub.html', 'ir/ir-fittings/ir-fittings-ductile-iron-fittings.html', 'ir/ir-water-systems.html', 'ir/ir-fittings/ir-fittings-white-saddles.html', 'milwaukee-m12-fuel-hackzall-recip-saw-tool-only-rmw2520-20.html', 'pe/pe-brush-cutters/pe-brush-cutters-battery-brushcutters.html', 'ep/ep-universal-parts/ep-universal-parts-spark-plugs.html', 'control-lever-weldment-rh-rzs452718.html', 'ir/ir-fittings/ir-fittings-sch-80-unions.html', 'bearing-rzbb037-6023-00.html', 'ir/ir-fittings/ir-fittings-transition-ftg.html', 'gm/gm-rollers-drags/gm-rollers-drags-front.html', 'gm/gm-animal-control/gm-animal-control-repellents.html', 'pe/pe-chain-saws/pe-chain-saws-gas-chainsaw.html', 'ga/ga-green-area.html', 'tm/tm-shop-tools.html', 'el/el-connectors/el-connectors-connectors.html', 'af/af-infield-rakes.html', 'tm/tm-shop-tools/tm-shop-tools-shop-supplies.html', 'ss/ss-personal-protection/ss-personal-protection-head-protection.html', 'gm/gm-spreaders/gm-spreaders-atv.html', 'milwaukee-m18-fuel-sawzall-recip-saw-rmw2821-20.html', 'ir/ir-valves.html', 'ir/ir-drip-irrigation.html']",False
http://shopglean.com,"['collections/be-green-with-glean', 'collections/kitschy-funky-fun', 'collections/artisanal-soap/products/late-night-feelings', 'collections/green', 'collections/artisanal-soap/products/deep', 'policies/privacy-policy', 'pages/wholesale', 'pages/candles', 'collections/can-candles', 'collections/holiday-collection/holiday-collection', 'account/login', 'collections/floral', 'collections/fruity', 'collections/body-butters', 'search', 'pages/original-art-work', 'pages/wishlist', 'pages/about-glean', 'collections/artisanal-soap/products/a-slice-of-rainbow', 'blogs/news/welcome-to-our-new-online-store', 'collections/bath-bombs', 'collections/woodwick-candles', 'cart', 'collections/artisanal-soap/products/blissed-out', 'policies/refund-policy', 'collections/artisanal-soap/products/honey-bee-love', 'collections/all', 'collections', 'pages/shop-by-scent-category', 'pages/compare', 'pages/media', 'pages/about-us', 'pages/contact-us', 'collections/artisanal-soap/products/cyclist', 'collections/artisanal-soap', 'collections/collections-healing-crystals-woo-woo', 'products/copy-of-6-pack-of-summer-bath-bombs', 'policies/terms-of-service', 'products/3-months-of-glean', 'products/best-of-glean-anniversary-gift-box', 'collections/citrus', 'collections/woodsy', 'collections/artisanal-soap/products/bobo-tea', 'collections/artisanal-soap/products/every-james-dean-movie']",False
http://www.croydoncycleworks.com.au,"['bike-fit', 'blog', 'workshop', '0397235164', 'hire-3']",False
http://pacificcoastbiblechurch.com,"['giving', 'contact-locate', 'sermons', 'leadership', 'about-us', 'cart', 'becoming-a-believer', 'what-we-believe']",False
http://oxygenfacialclinic.com,"['healthy-living/collagen-induction-therapy-what-it-is-benefits-and-how-it-works', 'category/beauty-news', 'treatments/medi-aesthetic-facials/peels', 'north-vancouver/microneedling/pigment-correction', 'treatments/electrolysis/beard-shaping', 'gallery', 'about-us', 'sharer/sharer.php', 'treatments/electrolysis/body-treatments', 'blog', 'product/3-step-solution-for-anti-aging', 'product/3-step-solution-for-dark-spots', 'product/3-minute-gommage-exfoliating-cream', 'beauty-news/discover-youthful-appearance-with-oxygeneo-facial-treatment-benefits-and-outcomes', 'treatments/electrolysis', 'north-vancouver/microneedling/hair-growth-and-scalp-treatment', 'shareArticle', 'cart', 'treatments/microneedling', 'shop', 'my-account/lost-password', 'product/360-synchronized-time-reversal-program', 'beauty-news/magic-of-electrolysis-how-it-achieves-permanent-hair-removal', 'treatments/skin-irregularities', 'treatments/oxygeno-facials', 'contact-us', 'treatments/medi-aesthetic-facials/swiss-line-oxygen-facial', 'treatments/body-treatments', 'category/healthy-living', 'treatments/medi-aesthetic-facials', 'author/admin', 'treatments/electrolysis/packages', 'my-account', 'treatments/electrolysis/eyebrows-shaping', 'product/acne-treatment-pads', 'product/3-step-solution-for-acne', 'product/10-vitamin-c-self-activating', 'treatments/medi-aesthetic-facials/dr-morelli-facials', 'product/360-anti-wrinkle-serum-triple-collagen-complex', 'treatments/oxygeneo-facials/oxygeneo-packages', 'pin/create/button', 'share', 'product/actinyl-no-1-balancing-care', 'product/3-minute-gommage-for-men', 'treatments/oxygeneo-facials', 'treatments/microblading-brows']",False
http://armstronghealthspecialists.com,"['policies/shipping-policy', 'pages/why-use-us', 'policies/privacy-policy', 'pages/health-screening', 'pages/client-video-testimonials-feedback', 'pages/klarna', 'products/intolerance-testing', 'cart', 'policies/refund-policy', 'pages/all-reviews', 'pages/faqs', 'products/transformation-packages', 'collections/all', 'blogs/news', 'pages/affiliate-program', 'pages/contact', 'pages/our-client-transformations', 'products/nutritional-plans', 'products/training-plans', 'policies/terms-of-service', 'pages/client-transformations']",False
http://tedxrexburg.com,"['apply', '2022/tedxrexburg-resilience-event', 'join-team', 'library', 'video-photo', 'nominate-speaker', 'sponsors', 'worth-spreading', 'about', 'organizers', 'cart', 'current-speakers']",False
http://wiserpiercing.com,404 Client Error: Not Found for url: http://wiserpiercing.com/,True
http://poopieandpooper.com,404 Client Error: Not Found for url: http://poopieandpooper.com/,True
http://thesimmeringbone.com,"['contact', 'why-broth', 'cart', 'http/wwwthesimmeringbonecom/shop']",False
http://www.justintobin.com,"['blog', 'portraits-1', 'cape-breton-wedding-photography', 'contact', 'about', 'cart', 'portraits']",False
http://blackstarproject.org,"['partnerships', '2021/blog-post-title-one-r9rcr-ejjw4-54mwt', 'latest-news/a-message-of-gratitude-on-giving-tuesday', 'latest-news/celebrating-students-achievements', '2021/kimberly-lightford-saturday-university', 'what-we-do1', 'donate', '2021/chicago-peace-fellows', 'latest-news/legal-clinic-sept-2022', 'covid19', 'gallery', 'staff', 'latest-news/exact-path-klsu', 'latest-news', 'latest-news/citibank-volunteers', 'latest-news/juneteeth-festival-of-the-arts-2022', 'latest-news/its-a-family-affair-bronzeville-summer-nights', 'latest-news/pjymp-spring-2022-registration', 'latest-news/parent-university', '2021/blog-post-title-one-r9rcr-ejjw4-54mwt-mrmcc-3zzpn', 'latest-news/small-business-saturday-2022', 'community-initiatives', 'our-sponsors', '2021/phillip-jackson-youth-mentorship-program-pjymp', 'becomeapartner', 'resources', 'latest-news/2024-nba-all-star-weekend-fundraiser', 'latest-news/lightford-17m-grant', 'cart', '2021/blog-post-title-one-r9rcr-ejjw4', 'latest-news/piggy-bank-book-bonanza', 'parent-revolution-radio-show-1', 'take-action', 'programs', 'latest-news/third-annual-bronzeville-fall-festival-2023', 'latest-news/2023-programs-kimberly-lightford-saturday-university', 'special-events', '2021/blog-post-title-one-r9rcr-ejjw4-54mwt-mrmcc', 'our-founder-1', 'latest-news/student-of-the-week-chanelle', 'who-we-are', 'latest-news/kwanzaa-and-open-mic-event', 'history', 'latest-news/bronzeville-juneteenth-event-2023', 'latest-news/summer-program-wrap-up-2022', '2021/blog-post-title-one-r9rcr-yzdjn', 'latest-news/consider-donation', 'latest-news/thank-you-sc-johnson', 'latest-news/bdm-sports-hcbu-nba-all-star-weekend', 'mission-impact', 'become-a-member', 'latest-news/war-on-fear-filth-campaign', '2021/blog-post-title-one-r9rcr-ejjw4-54mwt-mrmcc-3zzpn-7wpt9', 'latest-news/giving-tuesday-2021', 'latest-news/klsu-spring-2022-begins', 'volunteer', 'latest-news/not-so-scary-halloween', 'latest-news/funders-pledge', 'latest-news/community-conversation-digital-equity', '2021/young-black-men-of-honor', 'become-a-sponsor', '2021']",False
http://globalmedicaldevices.co,"['product-category/beds', 'product/ge-oec-9800-esp-cine-plus-portable-c-arm-12-inch-image-intensifier', 'product-category/emergency', 'product-category/laboratory', 'product-category/endoscopy', 'product-category/stretchers', 'product-category/examination', 'product-category/lighting', 'search', 'product/ge-oec-9900-elite-pm-care-c-arm-12-image-intensifier', 'privacy-policy', 'product/ge-aisys-cs2-version-8-01-anesthesia-machine-w-modules-vape', 'product/ge-definium-5000-digital-rad-room-system', 'contact', 'manufacturer/siemens', 'cart', 'brands', 'product-category/surgical', 'shop', 'product-category/cardiology', 'product-category/anesthesia', 'manufacturer/midmark', 'categories', 'manufacturer/hillrom', 'product-category/imaging', 'manufacturer/ge', 'manufacturer/philips', 'product/ge-oec-9900-elite-vas-mts-30-fps-c-arm-12-inch-image-intensifier', 'product/ge-oec-9800-plus-c-arm-esp-9-inch-image-intensifier', 'product-category/monitors', 'shipping-details', 'product-category/consumables', 'product-category/cables-and-sensors', 'my-account', 'product-category/other', 'manufacturer/stryker', 'product-category/rehab', 'freight-quote-form', 'home', 'refund-returns']",False
http://www.acutaboveflorals.com,"['account/register', 'blogs/news/mothers-day-sunday-may-9', 'collections/baby/Baby-Boy+Baby-Girl', 'account/login', 'search', 'collections/bouquets/Bouquets+Prom+Weddings', 'cart', 'collections/anniversary', 'pages/faqs', 'collections', 'collections/easter/Easter-Lilies+Easter-Baskets+Easter-Centerpieces', 'collections/gift-baskets-always-a-good-option/Gift-Baskets', 'blogs/news', 'collections/happy-birthday-bouquet', 'collections/get-well-1', ""collections/romance/Mother's-Day"", 'collections/romance', 'pages/about-us', 'collections/mothers-day/Mothers-Day+Collections', 'collections/signature-designer-collection', 'collections/admin-professionals-send-flowers-on-administrative-professionals-day-also-known-as-secretaries-day-or-admin-day/Administrative-Professional', 'collections/faithful-guardian-sympathy-1/Sympathy-for-Service+Sympathy-for-the-home+Funeral-Plants+Funeral-Sprays+Sympathy-Gift-Baskets']",False
http://ikalgos.com,"['products/king-of-hell-pump-cover', 'pages/contact', 'collections/all', 'collections/jjk', 'products/shibuya-pump-cover-red', 'products/stoicism-pump-cover', 'products/shibuya-pump-cover-magenta', 'products/awakened-pump-cover', 'products/cursed-energy-mesh-shorts', 'cart', 'products/assassin-shorts']",False
http://koashee.com,"['collections/bhoomi', 'products/fuchsia-pink-shirt-knot-top-with-biased-sharara', 'pages/privacy-policy', 'products/fuchsia-pink-kurta-sharara-and-dupatta-set', 'collections/casual-wear', 'collections/festive-2022', 'collections/dresses', 'products/pink-bemberg-vasansi-silk-kaftan-set-vj28122108', 'collections/nandika-2023', 'collections/best-seller', 'collections/summer-2023', 'products/zardozi-embroidered-sharara', 'products/midnight-blue-kurta-pant-and-dupatta-set', 'products/look-39', 'products/look_6', 'products/marigold-yellow-one-shoulder-top-and-sharara', 'products/pastel-pink-halter-neck-bell-bottom-pants-and-jacket-set', 'account/login', 'products/look-102', 'products/geometrical-multi-color-asymmetric-three-piece-set', 'products/aqua-blue-bemberg-vasansi-silk-kaftan-set-vj28122111', 'products/look-54', 'products/mustard-bemberg-vasansi-silk-kaftan-set-vj28122109', 'search', 'products/indigo-blue-placement-printed-short-jacket-with-draped-skirt-and-crop-top', 'products/look-44', 'products/pastel-blue-floral-printed-jacket-bustier-and-pants-set', 'collections/sale', 'products/look-104', 'products/blush-pink-peplum-top-with-sharara-and-organza-dupatta', 'products/look-62', 'collections/contemporary-wear', 'collections/tarini', 'cart', 'products/look-41', 'products/grey-bemberg-vasansi-silk-kaftan-set-vj28122110', 'collections/kurtas-kaftan-sets', 'products/mustard-asymmetric-kurta-and-dhoti-set', 'collections/iris-2022', 'products/emerald-green-draped-skirt-with-cape-and-shirt', 'pages/terms-condition', 'products/black-placement-embroidered-three-piece-set', 'collections/all', 'products/pista-green-placement-printed-asymmetric-jacket-bustier-and-draped-skirt', 'collections/2023', 'collections/tops-and-co-ords', 'products/lime-green-asymmetric-jacket-bustier-with-shorts', 'collections/indian-wear', 'products/products-mist-grey-front-knot-short-top-with-palazzo', 'collections/new-arrivals', 'products/green-asymmetric-jacket-with-one-shoulder-dress', 'products/yellow-zardozi-heavy-embroidered-peplum-top', 'products/floral-organza-and-silk-dress-set', 'collections/lounge-wear', 'products/pista-green-peplum-top-with-sharara-and-organza-dupatta-1', 'products/scarlet-red-shirt-knot-top-with-biased-sharara', 'products/indigo-blue-printed-asymmetric-three-piece-set', 'products/marigold-yellow-silk-placement-printed-asymmetric-jacket-bustier-and-draped-skirt', 'pages/about-us', 'pages/contact-us', 'collections/spring-2023', 'products/off-white-applique-work-suit', 'products/products-parrot-green-resham-and-zardozi-embroidered-kurta-pants-and-dupatta-set', 'products/abstract-pink-printed-bustier-jacket-and-skirt-set', 'products/look-60', 'collections/jumpsuit']",False
http://3que.co.uk,"['product-category/outerwear', 'product/kids-hoodie', 'product/reach-higher-pullover-hoodie', 'product/pocket-watch', 'product/he-sees-t-shirt', 'product-category/caps', 'faq', 'product-category/t-shirts', 'product/pullover-hoodie', 'about-us', 'product/water-resistant-windbreaker-coaches-jacket', 'product-category/sweaters-cardigans', 'product-category/t-shirt', 'product/live-the-dream-unisex-fabric-backpack', 'product/soft-washed-printed-crew-neck-t-shirt-for-men', 'blog', 'terms-conditions', 'product/reach-cut-sew-tee', 'product/soft-washed-graphic-t-shirt-for-men', 'privacy-policy', 'product/vibrant-spirit-of-africa', 'product-category/tops', 'product-category/backpacks-ladies', 'cart', 'women', 'product/canvas-heavduty-jacket', 'product/vibrant-spirit-of-africa-sweatshirt', 'product/3que-black-quilted-jacket', 'product/cheap-monday', 'contactus', 'product/unisex-jersey-short-sleeve-tee', 'product-category/hoodies', 'product/re-engage-hoodie', 'product-category/womens-outerwear', 'product/3que-full-zip-jacket', 'product-category/sweatshirts', 'product-category/backpacks', 'my-account', 'product/resllient-hooded-pullover', 'product-category/shorts', 'shipping', 'product-category/ladies-hoodies', 'product-category/activewear', 'product/asap-bag']",False
http://amapojeans.com.br,"['termos-e-condicoes', 'perguntas-frequentes', 'politica-de-privacidade', 'politica-de-compra-entrega-trocas-e-devolucoes', 'contato', 'sobre', 'assessoria-de-imprensa']",False
http://venetianplasterartisans.co.uk,"['collections/lucido', 'products/spatula-scraper-6-set', 'products/lime-concrete', 'products/venetianstuccotrapezoidtrowel-goldshank', 'collections/accessories', 'account/login', 'products/travertine-brush-trowel', 'products/primer-base-coat', 'collections/waxs', 'collections/marmorino', 'pages/terms-of-service', 'products/venetian-stucco-fly-trowel-marble-effects', 'cart', 'products/venetian-stucco-mini-trowel', 'pages/faqs', 'policies/refund-policy', 'products/lucido-black-onyx', 'collections/paint', 'collections/concrete-stucco', 'pages/gallery', 'products/metallic-beeswax-bronze', 'collections/primer-base', 'products/metallic-bees-wax-silver', 'products/metallic-wax', 'pages/contact', 'pages/privacy-policy-1', 'blogs/high-gloss-venetian-plaster-the-ultimate-guide', 'policies/terms-of-service', 'collections/tools', 'collections/travertine-stucco']",False
http://cassidy-rae.com,"['songs', 'shows', 'store/cart', 'store/goodnightdigitaldownload', 'store', 'store/metallic-guitar-usb-flash-drive-key-chain', 'contact', 'about', 'store/good-night-stubby-cooler', 'store/checkout', 'home', 'store/amazing-bands']",False
http://lion-spirits.de,"['widgets/cms/82291573dadf47d9aa5730df1a32f048', 'distillerie-combier', 'checkout/cart', 'widgets/cms/e5892c1a511a43bd863f462e58466ea9', 'bodega-rubio-luis-felipe', 'account', 'account/login', 'gin', 'widgets/cms/c988c39d7f0e4a488f64a3e566c6370b', 'search', 'account/address', 'Absinthe', 'account/profile', 'widgets/cms/c16953a5187e474492ac7d6df769950d', 'wishlist', 'cookie/offcanvas', 'account/order', 'Likoer', 'martin-zufanek', 'Neuheiten', 'aperitif', 'account/payment']",False
http://www.orchardvalleysupply.com,"['collections/weed-barrier', 'collections/shears', 'collections/loppers', 'collections/cleaning-gloves', 'collections/trellis-anchors', 'collections/gloves', 'collections/bird-repellers', 'collections/flanges', 'collections/respirators', 'collections/lawn-garden-supplies', 'collections/wire', 'products/rivulis-d5000-pc-drip-line', 'collections/tee-fittings', 'collections/traps', 'products/collapsible-utility-wagon', 'collections/harvest-supplies', 'products/vine-and-trunk-ties', 'collections/sale', 'collections/vineyard-crossarms', 'collections/white-cloth', 'collections/fabric-installation-tools-supplies', 'collections/plant-training-supplies', 'collections/plugs', 'collections/safety-equipment', 'collections/bahco', 'collections/caps', 'collections/workwear', 'collections/tools-equipment', 'collections/valves', 'products/trellis-netting', 'products/haxnicks-easy-tunnel-giant-fleece-frost-blanket', 'products/weed-mat', 'collections/work-gloves', 'products/dewalt-20v-maz-xr-compact-12-in-cordless-chainsaw', 'products/milk-cartons', 'pages/about-us', 'collections/cleaning-shop-supplies', 'collections/personal-protective-equipment-ppe', 'collections/fittings', 'collections/pruning-tools', 'policies/terms-of-service', 'collections/plant-grafting', 'collections/deer-fencing', 'collections/plant-chemicals', 'collections/felco', 'products/ppe-kit', 'collections/spreaders', 'policies/privacy-policy', 'products/ring-knives', 'collections/trellis-fasteners', 'products/sun-blast-15-tank-top-radiant-heater-9000-btu', 'collections/pest-management', 'collections/shovels', 'products/coconut-coir', 'account/login', 'collections/sprinklers', 'collections/reflective-film', 'products/spotted-wing-drosophila-insect-netting', 'collections/safety-eyewear', 'collections/hand-pruners', 'collections/pruning-accessories', 'collections/pots-trays-containers', 'collections/grow-tubes', 'collections/plant-training', 'collections/knives', 'collections/pruners-shears', 'products/rootmaker-propagation-trays-60-cell', 'products/white-cloth', 'collections/harvest', 'collections/noise-devices', 'collections/trellising', 'collections', 'collections/pruners-loppers', 'collections/tubing', 'collections/wine-making-accessories', 'products/parafilm-grafting-tape', 'collections/bird-netting', 'collections/pruning-saws', 'collections/orchard-supplies', 'collections/bushings', 'collections/sizing-cards', 'collections/agriculture-fabric', 'pages/shipping-delivery', 'products/post-hole-digger', 'products/gripple-gpak-4-end-post-anchor-system-kit', 'collections/wells-wade', 'collections/netting', 'collections/hand-cleaners', 'collections/masks', 'collections/plant-protection', 'collections/shade-cloth', 'products/staples-for-max-tapener-tying-tool', 'collections/bee-netting', 'collections/sprayers', 'products/u-bolts', 'products/reflective-film', 'collections/picking-bags-buckets', 'products/chicken-coop-wood-cheyenne', 'collections/watering-irrigation', 'collections/cleaning-supplies', 'collections/trellis-posts', 'products/wirevise', 'products/bamboo-stakes', 'collections/up-to-20-off', 'collections/hemp-specialty-crops-supplies', 'collections/marking-tags-fence-flags', 'collections/tree-guards', 'collections/gardening-tools', 'collections/irrigation-supplies', 'products/earth-anchors', 'pages/return-policy', 'collections/adapters', 'collections/metal-posts', 'products/post-driver', 'cart', 'products/yellow-harvest-lugs-individual', 'pages/customer-on-net-terms', 'products/bee-netting', 'collections/drip-irrigation', 'collections/iodine-solution', 'products/gripple-wire-joiners', 'collections/hats', 'collections/harvest-lugs', 'collections/hoses', 'products/iodine-solution', 'collections/hearing-protection', 'collections/planting-tools', 'collections/windscreen', 'products/safety-vests', 'collections/bird-netting-and-wildlife-control', 'products/shade-cloth', 'products/extension-cords', 'products/bird-netting-knitted-woven', 'collections/outdoor-heating', 'collections/unions', 'collections/corona-tools', 'collections/rakes', 'collections/mini-sprinklers', 'products/deer-fencing', 'collections/piping-accessories', 'products/roottrapper-containers', 'products/blue-x-grow-tubes', 'collections/wildlife-control', 'products/vigilis-shrub-shelter-30-square', 'products/vineyard-wire', 'products/plastic-mulch', 'collections/drip-line', 'collections/air-vents', 'collections/gripple', 'collections/shirts', 'collections/up-to-30-off', 'collections/berry-boxes', 'collections/couplings', 'collections/landscape-fabric', 'collections/pruning-replacement-parts', 'collections/hickok', 'collections/hops-supplies', 'products/manual-shoot-remover', 'collections/all', 'products/windscreen', 'collections/work-boots', 'collections/elbows', 'collections/cultivators-weeders', 'collections/clips', 'products/cca-pressure-treated-wood-posts', 'products/berry-boxes', 'pages/request-a-quote', 'products/grow-tubes', 'collections/beekeeping-supplies', 'collections/protective-suits-coveralls', 'collections/outdoor-living', 'products/agriflex-tube-tie', 'products/100-lb-dial-scale', 'products/prothec-plastic-ties', 'collections/vineyard-supplies', 'collections/harvest-tools', 'collections/up-to-10-off', 'collections/training-stakes', 'collections/bamboo-stakes', 'products/rice-hull-bale-7-cubic-feet', 'collections/trellis-wire']",False
http://luckyracket.com,"['policies/shipping-policy', 'collections/gifts', 'collections/featured/products/lucky-racket-original', 'collections/featured/products/serve-me-im-irish', 'collections/featured/products/avocadeuce', 'collections/featured', 'collections/cracked-racquets', 'collections/sweats', 'collections/featured/products/lucky-tennis-pattern', 'collections/shirts', 'collections/featured/products/foot-fault-flamingo', 'collections/women', 'cart', 'policies/refund-policy', 'collections/featured/products/b-y-o-b-bring-your-own-ball-boy', 'collections/kids', 'pages/about-us', 'pages/contact-us', 'collections/featured/products/love-means-nothing-hoodie', 'collections/featured/products/consider-yourself-served-retro-t', 'policies/terms-of-service', 'pages/ccpa-opt-out']",False
http://www.cutagenesis.com,"['blogs/case-reports', 'policies/shipping-policy', 'search', 'pages/about-us', 'pages/contact-us', 'collections/cutagenesis', 'collections/cutagenesis/products/cutagenix', 'products/cutavive', 'policies/privacy-policy', 'policies/terms-of-service', 'pages/ccpa-opt-out', 'products/cutagenix', 'collections/cutagenesis/products/cutavive', 'blogs/clinical-studies', 'cart', 'policies/refund-policy', 'pages/cutagenesis-faqs']",False
http://roundlakedesign.org,"['collections/frontpage/products/we-are-panthers', 'collections/frontpage/products/electro-panther-hoodie', 'pages/client-portfolio', 'pages/about-the-students', 'collections/frontpage/products/brand-new-2024-drop-crewneck-new-school', 'account/login', 'pages/design-and-production-requests', 'search', 'collections/frontpage/products/new-drop-new-drop-panther-blue-impact', 'collections/frontpage/products/pre-order-today-panther-tie-dye', 'cart', 'collections/frontpage/products/new-new-windbreakers-are-here', 'collections', 'collections/frontpage/products/round-lake-crest-natural-t', 'collections/frontpage/products/panther-retro-crewneck', 'collections/frontpage/products/senior-hoodie', 'pages/contact-us', 'collections/frontpage/products/emblem-hoodie-now-available', 'collections/promotional-media', 'collections/frontpage/products/panther-spring-t', 'collections/frontpage/products/new-panther-sunset']",False
http://www.publiclands.org,"['pages/programs-and-outreach', 'pages/annual-report', 'blogs/articles/meet-artist-shandiin-degroat-el-malpais-community-art-program', 'pages/newmexicomaps', 'blogs/articles', 'pages/oregonmaps', 'pages/wyomingpubliclands', 'pages/montanapubliclands', 'collections/pocketguides', 'account/register', 'blogs/new-mexico-public-lands-events/adventure-safety-videos-premiere-rio-grande-del-norte-national-monument', 'pages/utahpubliclands', 'pages/washingtonmaps', 'pages/maps', 'pages/about', 'pages/californiapubliclands', 'account/login', 'blogs/articles/meet-artist-tasha-nez-el-malpais-community-art-program', 'pages/information', 'pages/campgrounds', 'pages/arizonamaps', 'pages/montanamaps', 'pages/oregonpubliclands', 'blogs/new-mexico-public-lands-events', 'cart', 'pages/wide-open-spaces', 'blogs/articles/what-makes-a-national-forest-a-national-forest-a-quick-guide-to-public-lands', 'collections/gifts-1', 'blogs/articles/meet-artist-vicki-conley-el-malpais-community-art-program', 'pages/arizonapubliclands', 'collections/apparel', 'collections/books', 'pages/nevadapubliclands', 'pages/californiamaps', 'pages/utahmaps', 'products/membership-public-lands-interpretive-association', 'pages/nevadamaps', 'collections/kids', 'collections/pacific-northwest-recreation-map-series', 'pages/newmexicopubliclands', 'pages/idahomaps', 'pages/what-we-do', 'pages/alaskamaps', 'pages/coloradomaps', 'blogs/articles/volcanic-ventures-capulin-volcano-national-monument', 'pages/employment-opportunities', 'pages/washingtonpubliclands', 'blogs/articles/get-to-know-your-public-lands-full-presentation', 'pages/coloradopubliclands', 'pages/idahopubliclands', 'pages/recreationmap', 'pages/bookstores', 'pages/wyomingmaps', 'pages/donate']",False
http://4mswim.org,"['about-4msc', 'summer-2023-gallery', '4mstaff', 'gallery', 'prerequisites', 'search', 'stingers', 'location', 'about-2', 'store', 'contact', 'fundraising-for-the-future', 'donate-to-4msc', 'summer-2021', 'cart', 'history4msr', 'pressandmedia', '50-year-anniversary-celebration', 'pvk6-2023', 'faqs', 'summer-2022-gallery', '4msc-swim-teams', 'aboutmastersswim', 'youth', 'summer-2021-gallery', 'adult-classes', 'events']",False
